{"cameraMode":{"drawMode":0,"name":"Shaded","section":"Shading Mode"},"sceneLighting":false,"audioPlay":false,"sceneViewState":{"showFog":true,"showMaterialUpdate":false,"showSkybox":true,"showFlares":true,"showImageEffects":true,"showParticleSystems":true},"in2DMode":false,"pivot":{"x":56.940101623535159,"y":23.355436325073243,"z":54.836761474609378},"rotation":{"x":-0.17672792077064515,"y":-0.48108822107315066,"z":0.09968911856412888,"w":-0.852867841720581},"size":34.47749328613281,"orthographic":false}