{"cameraMode":{"drawMode":0,"name":"Shaded","section":"Shading Mode"},"sceneLighting":false,"audioPlay":false,"sceneViewState":{"showFog":true,"showMaterialUpdate":false,"showSkybox":true,"showFlares":true,"showImageEffects":true,"showParticleSystems":true},"in2DMode":false,"pivot":{"x":192.38999938964845,"y":26.1299991607666,"z":102.19000244140625},"rotation":{"x":0.3141239583492279,"y":0.2643197774887085,"z":-0.09151837229728699,"w":0.9072406888008118},"size":5.557884693145752,"orthographic":false}